Product URL,Product Name,Product Price,Rating,Number of Reviews,Description,ASIN,Product Description,Manufacturer
https://www.amazon.in/Trajectory-Elegant-15-6-Laptop-Office/dp/B09RK6NCGC,,,,,,,,
https://www.amazon.in/Trajectory-Elegant-15-6-Laptop-Office/dp/B09RK6NCGC,,,,,,,,
https://www.amazon.in/Trajectory-Elegant-15-6-Laptop-Office/dp/B09RK6NCGC,,,,,,,,
https://www.amazon.in/Trajectory-Elegant-15-6-Laptop-Office/dp/B09RK6NCGC,,,,,,,,
https://www.amazon.in/gp/goldbox/,,,,,,,,
https://www.amazon.in/FUR-JADEN-Backpack-Accessories-Organiser/dp/B0BSHBH9K2,,,,,,,,
https://www.amazon.in/FUR-JADEN-Backpack-Accessories-Organiser/dp/B0BSHBH9K2,,,,,,,,
https://www.amazon.in/FUR-JADEN-Backpack-Accessories-Organiser/dp/B0BSHBH9K2,,,,,,,,
https://www.amazon.in/gp/goldbox/,,,,,,,,
https://www.amazon.in/Half-Moon-Laptop-Bag-Compartment/dp/B0C1NZLF67,,,,,,,,
https://www.amazon.in/Half-Moon-Laptop-Bag-Compartment/dp/B0C1NZLF67,,,,,,,,
https://www.amazon.in/Half-Moon-Laptop-Bag-Compartment/dp/B0C1NZLF67,,,,,,,,
https://www.amazon.in/gp/goldbox/,,,,,,,,
https://www.amazon.in/Gear-Vintage2-Leather-Backpack-LBPVG2LTH0501/dp/B07G4HH78P,,,,,,,,
https://www.amazon.in/Gear-Vintage2-Leather-Backpack-LBPVG2LTH0501/dp/B07G4HH78P,,,,,,,,
https://www.amazon.in/Gear-Vintage2-Leather-Backpack-LBPVG2LTH0501/dp/B07G4HH78P,,,,,,,,
https://www.amazon.in/Gear-Vintage2-Leather-Backpack-LBPVG2LTH0501/dp/B07G4HH78P,,,,,,,,
https://www.amazon.in/ADISA-Laptop-Backpack-Office-College/dp/B0BPTV3795,,,,,,,,
https://www.amazon.in/ADISA-Laptop-Backpack-Office-College/dp/B0BPTV3795,,,,,,,,
https://www.amazon.in/ADISA-Laptop-Backpack-Office-College/dp/B0BPTV3795,,,,,,,,
https://www.amazon.in/ADISA-Laptop-Backpack-Office-College/dp/B0BPTV3795,,,,,,,,
https://www.amazon.in/AUXTER-BLACKY-Duffel-Emboss-Black/dp/B07F2H25NP,,,,,,,,
https://www.amazon.in/AUXTER-BLACKY-Duffel-Emboss-Black/dp/B07F2H25NP,,,,,,,,
https://www.amazon.in/AUXTER-BLACKY-Duffel-Emboss-Black/dp/B07F2H25NP,,,,,,,,
https://www.amazon.in/AUXTER-BLACKY-Duffel-Emboss-Black/dp/B07F2H25NP,,,,,,,,
https://www.amazon.in/WILDHORN-Backpack-Compartment-Business-Stitching/dp/B09QL81ZHB,,,,,,,,
https://www.amazon.in/WILDHORN-Backpack-Compartment-Business-Stitching/dp/B09QL81ZHB,,,,,,,,
https://www.amazon.in/WILDHORN-Backpack-Compartment-Business-Stitching/dp/B09QL81ZHB,,,,,,,,
https://www.amazon.in/gp/goldbox/,,,,,,,,
https://www.amazon.in/Number-Backpack-Compartment-Charging-Organizer/dp/B09VTC876Z,,,,,,,,
https://www.amazon.in/Number-Backpack-Compartment-Charging-Organizer/dp/B09VTC876Z,,,,,,,,
https://www.amazon.in/Number-Backpack-Compartment-Charging-Organizer/dp/B09VTC876Z,,,,,,,,
https://www.amazon.in/gp/goldbox/,,,,,,,,
https://www.amazon.in/Half-Moon-Backpack-Spacious-Multiple/dp/B0C23Z9W18,,,,,,,,
https://www.amazon.in/Half-Moon-Backpack-Spacious-Multiple/dp/B0C23Z9W18,,,,,,,,
https://www.amazon.in/Half-Moon-Backpack-Spacious-Multiple/dp/B0C23Z9W18,,,,,,,,
https://www.amazon.in/gp/goldbox/,,,,,,,,
https://www.amazon.in/Nivia-Pulse-Junior-Bag-Aqua-Green/dp/B08D7QNYZX,In stock,294.,3.7 out of 5 stars,Fulfilled,,,,Visit the Nivia Store
https://www.amazon.in/Nivia-Pulse-Junior-Bag-Aqua-Green/dp/B08D7QNYZX,,,,,,,,
https://www.amazon.in/Nivia-Pulse-Junior-Bag-Aqua-Green/dp/B08D7QNYZX,,,,,,,,
https://www.amazon.in/gp/goldbox/,,,,,,,,
https://www.amazon.in/Wesley-Milestone-Waterproof-Backpack-Business/dp/B07K8KLB3P,,,,,,,,
https://www.amazon.in/Wesley-Milestone-Waterproof-Backpack-Business/dp/B07K8KLB3P,,,,,,,,
https://www.amazon.in/Wesley-Milestone-Waterproof-Backpack-Business/dp/B07K8KLB3P,,,,,,,,
https://www.amazon.in/Wesley-Milestone-Waterproof-Backpack-Business/dp/B07K8KLB3P,,,,,,,,
https://www.amazon.in/FUR-JADEN-Leatherette-Polypropylene-DUFF05/dp/B07M9BRCQ5,,,,,,,,
https://www.amazon.in/FUR-JADEN-Leatherette-Polypropylene-DUFF05/dp/B07M9BRCQ5,,,,,,,,
https://www.amazon.in/FUR-JADEN-Leatherette-Polypropylene-DUFF05/dp/B07M9BRCQ5,,,,,,,,
https://www.amazon.in/gp/goldbox/,,,,,,,,
https://www.amazon.in/Girls-1523-Polyester-Designer-Waterproof-Bag-Backpack/dp/B08F9YVKT1,,,,,,,,
https://www.amazon.in/Girls-1523-Polyester-Designer-Waterproof-Bag-Backpack/dp/B08F9YVKT1,,,,,,,,
https://www.amazon.in/Girls-1523-Polyester-Designer-Waterproof-Bag-Backpack/dp/B08F9YVKT1,,,,,,,,
https://www.amazon.in/gp/goldbox/,,,,,,,,
https://www.amazon.in/Storite-Travel-Bag-Lightweight-GreenPink/dp/B0B3JBYZ8C,,,,,,,,
https://www.amazon.in/Storite-Travel-Bag-Lightweight-GreenPink/dp/B0B3JBYZ8C,,,,,,,,
https://www.amazon.in/Storite-Travel-Bag-Lightweight-GreenPink/dp/B0B3JBYZ8C,,,,,,,,
https://www.amazon.in/gp/goldbox/,,,,,,,,
https://www.amazon.in/Dyazo-Resistant-Compatible-laptops-Notebooks/dp/B09BFV96TS,,,,,,,,
https://www.amazon.in/Dyazo-Resistant-Compatible-laptops-Notebooks/dp/B09BFV96TS,,,,,,,,
https://www.amazon.in/Dyazo-Resistant-Compatible-laptops-Notebooks/dp/B09BFV96TS,In stock,299.,4.3 out of 5 stars,Fulfilled,,,,Visit the Dyazo Store
https://www.amazon.in/gp/goldbox/,,,,,,,,
https://www.amazon.in/Nivia-6853BKGR-Polyester-Black-Grey/dp/B07NLB6FRS,,,,,,,,
https://www.amazon.in/Nivia-6853BKGR-Polyester-Black-Grey/dp/B07NLB6FRS,,,,,,,,
https://www.amazon.in/Nivia-6853BKGR-Polyester-Black-Grey/dp/B07NLB6FRS,,,,,,,,
https://www.amazon.in/Nivia-6853BKGR-Polyester-Black-Grey/dp/B07NLB6FRS,,,,,,,,
https://www.amazon.in/s/?k=bags+for+girls&ref=sugsr_0&pd_rd_w=jewru&content-id=amzn1.sym.f0166a2b-0975-4017-be10-7ecf88afb403:amzn1.sym.f0166a2b-0975-4017-be10-7ecf88afb403&pf_rd_p=f0166a2b-0975-4017-be10-7ecf88afb403&pf_rd_r=9CZ5G0JS2ZWAV89FH8CV&pd_rd_wg=XtK3d&pd_rd_r=e46ddec9-60fc-454c-8bbc-e797d8b36b79&qid=1691994077,,753,4.0 out of 5 stars,Price and other details may vary based on product size and colour.,,,,
https://www.amazon.in/s/?k=bags+for+girls&ref=sugsr_0&pd_rd_w=jewru&content-id=amzn1.sym.f0166a2b-0975-4017-be10-7ecf88afb403:amzn1.sym.f0166a2b-0975-4017-be10-7ecf88afb403&pf_rd_p=f0166a2b-0975-4017-be10-7ecf88afb403&pf_rd_r=9CZ5G0JS2ZWAV89FH8CV&pd_rd_wg=XtK3d&pd_rd_r=e46ddec9-60fc-454c-8bbc-e797d8b36b79&qid=1691994077,,,,,,,,
https://www.amazon.in/s/?k=bags+for+girls&ref=sugsr_0&pd_rd_w=jewru&content-id=amzn1.sym.f0166a2b-0975-4017-be10-7ecf88afb403:amzn1.sym.f0166a2b-0975-4017-be10-7ecf88afb403&pf_rd_p=f0166a2b-0975-4017-be10-7ecf88afb403&pf_rd_r=9CZ5G0JS2ZWAV89FH8CV&pd_rd_wg=XtK3d&pd_rd_r=e46ddec9-60fc-454c-8bbc-e797d8b36b79&qid=1691994077,,,,,,,,
https://www.amazon.in/s/?k=bags+for+travelling&ref=sugsr_1&pd_rd_w=jewru&content-id=amzn1.sym.f0166a2b-0975-4017-be10-7ecf88afb403:amzn1.sym.f0166a2b-0975-4017-be10-7ecf88afb403&pf_rd_p=f0166a2b-0975-4017-be10-7ecf88afb403&pf_rd_r=9CZ5G0JS2ZWAV89FH8CV&pd_rd_wg=XtK3d&pd_rd_r=e46ddec9-60fc-454c-8bbc-e797d8b36b79&qid=1691994077,,,,,,,,
https://www.amazon.in/s/?k=school+bags&ref=sugsr_2&pd_rd_w=jewru&content-id=amzn1.sym.f0166a2b-0975-4017-be10-7ecf88afb403:amzn1.sym.f0166a2b-0975-4017-be10-7ecf88afb403&pf_rd_p=f0166a2b-0975-4017-be10-7ecf88afb403&pf_rd_r=9CZ5G0JS2ZWAV89FH8CV&pd_rd_wg=XtK3d&pd_rd_r=e46ddec9-60fc-454c-8bbc-e797d8b36b79&qid=1691994077,,,,,,,,
https://www.amazon.in/gp/help/customer/display.html?nodeId=201889520,,,,,,,,
https://www.amazon.in#s-skipLinkTargetForMainSearchResults,,,Previous slide,,,,,
https://www.amazon.in/Gear-Executive-Anti-Theft-Backpack-BKPPKREXE0101/dp/B097KCMQKG,,,,,,,,
https://www.amazon.in/Gear-Executive-Anti-Theft-Backpack-BKPPKREXE0101/dp/B097KCMQKG,,,,,,,,
https://www.amazon.in/Gear-Executive-Anti-Theft-Backpack-BKPPKREXE0101/dp/B097KCMQKG,,,,,,,,
https://www.amazon.in/Gear-Executive-Anti-Theft-Backpack-BKPPKREXE0101/dp/B097KCMQKG,,,,,,,,
https://www.amazon.in/gp/goldbox/,,,,,,,,
https://www.amazon.in/School-school-partition-Collage-Backpack/dp/B09NNYCQ1Q,,,,,,,,
https://www.amazon.in/School-school-partition-Collage-Backpack/dp/B09NNYCQ1Q,,,,,,,,
https://www.amazon.in/School-school-partition-Collage-Backpack/dp/B09NNYCQ1Q,,,,,,,,
https://www.amazon.in/School-school-partition-Collage-Backpack/dp/B09NNYCQ1Q,,,,,,,,
https://www.amazon.in/Safari-Sheild-Resistant-Casual-Backpack/dp/B09B28M2RN,,,,,,,,
https://www.amazon.in/Safari-Sheild-Resistant-Casual-Backpack/dp/B09B28M2RN,,,,,,,,
https://www.amazon.in/Safari-Sheild-Resistant-Casual-Backpack/dp/B09B28M2RN,,,,,,,,
https://www.amazon.in/gp/goldbox/,,,,,,,,
https://www.amazon.in/Martucci-Casual-Travelling-Laptop-Backpack/dp/B088B4P6ZW,,,,,,,,
https://www.amazon.in/Martucci-Casual-Travelling-Laptop-Backpack/dp/B088B4P6ZW,,,,,,,,
https://www.amazon.in/Martucci-Casual-Travelling-Laptop-Backpack/dp/B088B4P6ZW,,,,,,,,
https://www.amazon.in/gp/goldbox/,,,,,,,,
https://www.amazon.in/uppercase-Backpack-2300EBP1-repellent-sustainable/dp/B0B69M182Q,,,,,,,,
https://www.amazon.in/uppercase-Backpack-2300EBP1-repellent-sustainable/dp/B0B69M182Q,,,,,,,,
https://www.amazon.in/uppercase-Backpack-2300EBP1-repellent-sustainable/dp/B0B69M182Q,,,,,,,,
https://www.amazon.in/uppercase-Backpack-2300EBP1-repellent-sustainable/dp/B0B69M182Q,,,,,,,,
https://www.amazon.in/Gear-Workspace-Briefcase-Black-Red-BKPWRPHYD0101/dp/B097KGL2M5,,,,,,,,
https://www.amazon.in/Gear-Workspace-Briefcase-Black-Red-BKPWRPHYD0101/dp/B097KGL2M5,,,,,,,,
https://www.amazon.in/Gear-Workspace-Briefcase-Black-Red-BKPWRPHYD0101/dp/B097KGL2M5,,,,,,,,
https://www.amazon.in/Gear-Workspace-Briefcase-Black-Red-BKPWRPHYD0101/dp/B097KGL2M5,,,,,,,,
https://www.amazon.in/BEAUTY-GIRLS-HOTSHOT1566-Backpack-Waterproof/dp/B0BG36CZD9,,,,,,,,
https://www.amazon.in/BEAUTY-GIRLS-HOTSHOT1566-Backpack-Waterproof/dp/B0BG36CZD9,,,,,,,,
https://www.amazon.in/BEAUTY-GIRLS-HOTSHOT1566-Backpack-Waterproof/dp/B0BG36CZD9,,,,,,,,
https://www.amazon.in/gp/goldbox/,,,,,,,,
https://www.amazon.in/Lavie-Sport-Chairman-Compatible-compartments/dp/B09YCSCRBW,,,,,,,,
https://www.amazon.in/Lavie-Sport-Chairman-Compatible-compartments/dp/B09YCSCRBW,,,,,,,,
https://www.amazon.in/Lavie-Sport-Chairman-Compatible-compartments/dp/B09YCSCRBW,,,,,,,,
https://www.amazon.in/gp/goldbox/,,,,,,,,
https://www.amazon.in/Zebronics-Techshield-Compartment-15-6-inch-Polyester/dp/B0C6QTMYFG,,,,,,,,
https://www.amazon.in/Zebronics-Techshield-Compartment-15-6-inch-Polyester/dp/B0C6QTMYFG,,,,,,,,
https://www.amazon.in/Zebronics-Techshield-Compartment-15-6-inch-Polyester/dp/B0C6QTMYFG,,,,,,,,
https://www.amazon.in/gp/goldbox/,,,,,,,,
https://www.amazon.in/Tabelito%C2%AE-Delta-Waterproof-Backpack-Compatible/dp/B0BLK2RL23,,,,,,,,
https://www.amazon.in/Tabelito%C2%AE-Delta-Waterproof-Backpack-Compatible/dp/B0BLK2RL23,,,,,,,,
https://www.amazon.in/Tabelito%C2%AE-Delta-Waterproof-Backpack-Compatible/dp/B0BLK2RL23,,,,,,,,
https://www.amazon.in/Tabelito%C2%AE-Delta-Waterproof-Backpack-Compatible/dp/B0BLK2RL23,,,,,,,,
https://www.amazon.in/Safari-HiTech-Water-Resistant-Backpack/dp/B09B27B1Q6,,,,,,,,
https://www.amazon.in/Safari-HiTech-Water-Resistant-Backpack/dp/B09B27B1Q6,,,,,,,,
https://www.amazon.in/Safari-HiTech-Water-Resistant-Backpack/dp/B09B27B1Q6,,,,,,,,
https://www.amazon.in/gp/goldbox/,,,,,,,,
https://www.amazon.in/Half-Moon-Trekking-Bags-Compartment/dp/B08PSX1LN9,,,,,,,,
https://www.amazon.in/Half-Moon-Trekking-Bags-Compartment/dp/B08PSX1LN9,,,,,,,,
https://www.amazon.in/Half-Moon-Trekking-Bags-Compartment/dp/B08PSX1LN9,,,,,,,,
https://www.amazon.in/gp/goldbox/,,,,,,,,
https://www.amazon.in/Tabelito-NEO-Backpack-Business-Compartment/dp/B0C2D2Q52R,,,,,,,,
https://www.amazon.in/Tabelito-NEO-Backpack-Business-Compartment/dp/B0C2D2Q52R,,,,,,,,
https://www.amazon.in/Tabelito-NEO-Backpack-Business-Compartment/dp/B0C2D2Q52R,,,,,,,,
https://www.amazon.in/gp/goldbox/,,,,,,,,
https://www.amazon.in/Genie-Heartbeat-compartments-Lightweight-Travelling/dp/B097JJFF6Z,,,,,,,,
https://www.amazon.in/Genie-Heartbeat-compartments-Lightweight-Travelling/dp/B097JJFF6Z,,,,,,,,
https://www.amazon.in/Genie-Heartbeat-compartments-Lightweight-Travelling/dp/B097JJFF6Z,,,,,,,,
https://www.amazon.in/gp/goldbox/,,,,,,,,
https://www.amazon.in/gp/bestsellers/shoes/1983354031/ref=sr_bs_14_1983354031_1,Hot New Releases,,4.1 out of 5 stars,"₹1,107.00",,,,
https://www.amazon.in/gp/bestsellers/shoes/1983354031/ref=sr_bs_14_1983354031_1,Hot New Releases,,4.1 out of 5 stars,"₹1,107.00",,,,
https://www.amazon.in/Lavie-Womens-Ushawu-Satchel-Handbag/dp/B0B3J9J9CK,,,,,,,,
https://www.amazon.in/gp/goldbox/,,,,,,,,
https://www.amazon.in/F-Gear-Raider-Marpat-Navy-Backpack/dp/B07F1157TV,,,,,,,,
https://www.amazon.in/F-Gear-Raider-Marpat-Navy-Backpack/dp/B07F1157TV,,,,,,,,
https://www.amazon.in/F-Gear-Raider-Marpat-Navy-Backpack/dp/B07F1157TV,,,,,,,,
https://www.amazon.in/F-Gear-Raider-Marpat-Navy-Backpack/dp/B07F1157TV,,,,,,,,
https://www.amazon.in/s/?k=bags+for+girls&ref=sugsr_0&pd_rd_w=eklvr&content-id=amzn1.sym.f0166a2b-0975-4017-be10-7ecf88afb403:amzn1.sym.f0166a2b-0975-4017-be10-7ecf88afb403&pf_rd_p=f0166a2b-0975-4017-be10-7ecf88afb403&pf_rd_r=3PW1XWQF8VQ4WH8NFTVT&pd_rd_wg=5eQYS&pd_rd_r=08c1bb0d-b148-4538-a028-e176f0c07cbc&qid=1691994108,,,,,,,,
https://www.amazon.in/s/?k=bags+for+girls&ref=sugsr_0&pd_rd_w=eklvr&content-id=amzn1.sym.f0166a2b-0975-4017-be10-7ecf88afb403:amzn1.sym.f0166a2b-0975-4017-be10-7ecf88afb403&pf_rd_p=f0166a2b-0975-4017-be10-7ecf88afb403&pf_rd_r=3PW1XWQF8VQ4WH8NFTVT&pd_rd_wg=5eQYS&pd_rd_r=08c1bb0d-b148-4538-a028-e176f0c07cbc&qid=1691994108,,,,,,,,
https://www.amazon.in/s/?k=bags+for+girls&ref=sugsr_0&pd_rd_w=eklvr&content-id=amzn1.sym.f0166a2b-0975-4017-be10-7ecf88afb403:amzn1.sym.f0166a2b-0975-4017-be10-7ecf88afb403&pf_rd_p=f0166a2b-0975-4017-be10-7ecf88afb403&pf_rd_r=3PW1XWQF8VQ4WH8NFTVT&pd_rd_wg=5eQYS&pd_rd_r=08c1bb0d-b148-4538-a028-e176f0c07cbc&qid=1691994108,,753,4.0 out of 5 stars,Price and other details may vary based on product size and colour.,,,,
https://www.amazon.in/s/?k=bags+for+travelling&ref=sugsr_1&pd_rd_w=eklvr&content-id=amzn1.sym.f0166a2b-0975-4017-be10-7ecf88afb403:amzn1.sym.f0166a2b-0975-4017-be10-7ecf88afb403&pf_rd_p=f0166a2b-0975-4017-be10-7ecf88afb403&pf_rd_r=3PW1XWQF8VQ4WH8NFTVT&pd_rd_wg=5eQYS&pd_rd_r=08c1bb0d-b148-4538-a028-e176f0c07cbc&qid=1691994108,,,,,,,,
https://www.amazon.in/s/?k=school+bags&ref=sugsr_2&pd_rd_w=eklvr&content-id=amzn1.sym.f0166a2b-0975-4017-be10-7ecf88afb403:amzn1.sym.f0166a2b-0975-4017-be10-7ecf88afb403&pf_rd_p=f0166a2b-0975-4017-be10-7ecf88afb403&pf_rd_r=3PW1XWQF8VQ4WH8NFTVT&pd_rd_wg=5eQYS&pd_rd_r=08c1bb0d-b148-4538-a028-e176f0c07cbc&qid=1691994108,,,,,,,,
https://www.amazon.in/gp/help/customer/display.html?nodeId=201889520,,,,,,,,
https://www.amazon.in#s-skipLinkTargetForMainSearchResults,,,Previous slide,,,,,
https://www.amazon.in/Trunkit-Waterproof-Travelling-Trekking-Backpack/dp/B08GZB73RZ,,,,,,,,
https://www.amazon.in/Trunkit-Waterproof-Travelling-Trekking-Backpack/dp/B08GZB73RZ,,,,,,,,
https://www.amazon.in/Trunkit-Waterproof-Travelling-Trekking-Backpack/dp/B08GZB73RZ,,,,,,,,
https://www.amazon.in/Trunkit-Waterproof-Travelling-Trekking-Backpack/dp/B08GZB73RZ,,,,,,,,
https://www.amazon.in/gp/goldbox/,,,,,,,,
https://www.amazon.in/Black-Orange-Casual-Backpack-BKPCARYON0106/dp/B019HA8AQO,,,,,,,,
https://www.amazon.in/Black-Orange-Casual-Backpack-BKPCARYON0106/dp/B019HA8AQO,,,,,,,,
https://www.amazon.in/Black-Orange-Casual-Backpack-BKPCARYON0106/dp/B019HA8AQO,,,,,,,,
https://www.amazon.in/Black-Orange-Casual-Backpack-BKPCARYON0106/dp/B019HA8AQO,,,,,,,,
https://www.amazon.in/Tommy-Hilfiger-Polyester-TH-KENDALL0815/dp/B082PFY9VC,,,,,,,,
https://www.amazon.in/Tommy-Hilfiger-Polyester-TH-KENDALL0815/dp/B082PFY9VC,,,,,,,,
https://www.amazon.in/Tommy-Hilfiger-Polyester-TH-KENDALL0815/dp/B082PFY9VC,,,,,,,,
https://www.amazon.in/Tommy-Hilfiger-Polyester-TH-KENDALL0815/dp/B082PFY9VC,,,,,,,,
https://www.amazon.in/Frantic-Velvet-School-Nursery-Travelling/dp/B09176PYDR,,,,,,,,
https://www.amazon.in/Frantic-Velvet-School-Nursery-Travelling/dp/B09176PYDR,,,,,,,,
https://www.amazon.in/Frantic-Velvet-School-Nursery-Travelling/dp/B09176PYDR,,,,,,,,
https://www.amazon.in/gp/goldbox/,,,,,,,,
https://www.amazon.in/House-Quirk-Maternity-Backpack-Elephant/dp/B07QV7SH4S,,,,,,,,
https://www.amazon.in/House-Quirk-Maternity-Backpack-Elephant/dp/B07QV7SH4S,,,,,,,,
https://www.amazon.in/House-Quirk-Maternity-Backpack-Elephant/dp/B07QV7SH4S,,,,,,,,
https://www.amazon.in/gp/goldbox/,,,,,,,,
https://www.amazon.in/Frantic-Travelling-Backpacks-Preschool-FullBody_SkyElehpant/dp/B0BD5JQX7T,,,,,,,,
https://www.amazon.in/Frantic-Travelling-Backpacks-Preschool-FullBody_SkyElehpant/dp/B0BD5JQX7T,,,,,,,,
https://www.amazon.in/Frantic-Travelling-Backpacks-Preschool-FullBody_SkyElehpant/dp/B0BD5JQX7T,,,,,,,,
https://www.amazon.in/gp/goldbox/,,,,,,,,
https://www.amazon.in/NIVIA-Polyester-Shoulder-Compartment-Accessories/dp/B07NJGW3WX,,,,,,,,
https://www.amazon.in/NIVIA-Polyester-Shoulder-Compartment-Accessories/dp/B07NJGW3WX,,,,,,,,
https://www.amazon.in/NIVIA-Polyester-Shoulder-Compartment-Accessories/dp/B07NJGW3WX,,,,,,,,
https://www.amazon.in/gp/goldbox/,,,,,,,,
https://www.amazon.in/Frantic-Cartoon-Velvet-Preschool-Nursery/dp/B09KY5541N,,,,,,,,
https://www.amazon.in/Frantic-Cartoon-Velvet-Preschool-Nursery/dp/B09KY5541N,,,,,,,,
https://www.amazon.in/Frantic-Cartoon-Velvet-Preschool-Nursery/dp/B09KY5541N,,,,,,,,
https://www.amazon.in/gp/goldbox/,,,,,,,,
https://www.amazon.in/Skybags-Brat-Wine-Casual-Backpack/dp/B08Z1RFZ2N,,,,,,,,
https://www.amazon.in/Skybags-Brat-Wine-Casual-Backpack/dp/B08Z1RFZ2N,,,,,,,,
https://www.amazon.in/Skybags-Brat-Wine-Casual-Backpack/dp/B08Z1RFZ2N,,,,,,,,
https://www.amazon.in/Skybags-Brat-Wine-Casual-Backpack/dp/B08Z1RFZ2N,,,,,,,,
https://www.amazon.in/Lunars-Router-Resistant-Raincover-Organiser/dp/B08YR63B9M,,,,,,,,
https://www.amazon.in/Lunars-Router-Resistant-Raincover-Organiser/dp/B08YR63B9M,,,,,,,,
https://www.amazon.in/Lunars-Router-Resistant-Raincover-Organiser/dp/B08YR63B9M,,,,,,,,
https://www.amazon.in/gp/goldbox/,,,,,,,,
https://www.amazon.in/Chic-Buddy-Waterproof-Swimsuits-Toiletries/dp/B09KSBHC18,,,,,,,,
https://www.amazon.in/Chic-Buddy-Waterproof-Swimsuits-Toiletries/dp/B09KSBHC18,,,,,,,,
https://www.amazon.in/Chic-Buddy-Waterproof-Swimsuits-Toiletries/dp/B09KSBHC18,,,,,,,,
https://www.amazon.in/Chic-Buddy-Waterproof-Swimsuits-Toiletries/dp/B09KSBHC18,,,,,,,,
https://www.amazon.in/F-Gear-Blackhawk-Black-Laptop-Backpack/dp/B07XMRGQCM,In stock,"1,192",4.3 out of 5 stars,4.3,"<div class=""a-section a-spacing-small"" id=""productDescription""> <!-- show up to 2 reviews by default -->
<p> <span>The product will be an excellent pick for you. It ensures an easy maintenance.</span> </p> </div>",,The product will be an excellent pick for you. It ensures an easy maintenance.,Visit the F Gear Store
https://www.amazon.in/F-Gear-Blackhawk-Black-Laptop-Backpack/dp/B07XMRGQCM,,,,,,,,
https://www.amazon.in/F-Gear-Blackhawk-Black-Laptop-Backpack/dp/B07XMRGQCM,,,,,,,,
https://www.amazon.in/F-Gear-Blackhawk-Black-Laptop-Backpack/dp/B07XMRGQCM,,,,,,,,
https://www.amazon.in/DZert-Fabric-Multicolour-Pikachu-Printed/dp/B07BNNKJ7J,,,,,,,,
https://www.amazon.in/DZert-Fabric-Multicolour-Pikachu-Printed/dp/B07BNNKJ7J,,,,,,,,
https://www.amazon.in/DZert-Fabric-Multicolour-Pikachu-Printed/dp/B07BNNKJ7J,,,,,,,,
https://www.amazon.in/gp/goldbox/,,,,,,,,
https://www.amazon.in/Gear-DOUBLE-DECKER-Resistant-Backpack/dp/B0BTJ3WTMV,,,,,,,,
https://www.amazon.in/Gear-DOUBLE-DECKER-Resistant-Backpack/dp/B0BTJ3WTMV,,,,,,,,
https://www.amazon.in/Gear-DOUBLE-DECKER-Resistant-Backpack/dp/B0BTJ3WTMV,,,,,,,,
https://www.amazon.in/Gear-DOUBLE-DECKER-Resistant-Backpack/dp/B0BTJ3WTMV,,,,,,,,
https://www.amazon.in/Hyper-Adam-Rucksack-Backpack-Trekking/dp/B07PJCH3VZ,,,,,,,,
https://www.amazon.in/Hyper-Adam-Rucksack-Backpack-Trekking/dp/B07PJCH3VZ,,,,,,,,
https://www.amazon.in/Hyper-Adam-Rucksack-Backpack-Trekking/dp/B07PJCH3VZ,,,,,,,,
https://www.amazon.in/gp/goldbox/,,,,,,,,
https://www.amazon.in/Bennett-15-6-inch-College-Repellent-Backpack/dp/B09WZHX3B1,In stock,512.,3.9 out of 5 stars,,,,,Visit the KBBRD Store
https://www.amazon.in/Bennett-15-6-inch-College-Repellent-Backpack/dp/B09WZHX3B1,,,,,,,,
https://www.amazon.in/Bennett-15-6-inch-College-Repellent-Backpack/dp/B09WZHX3B1,,,,,,,,
https://www.amazon.in/Bennett-15-6-inch-College-Repellent-Backpack/dp/B09WZHX3B1,,,,,,,,
https://www.amazon.in/s/?k=bags+for+girls&ref=sugsr_0&pd_rd_w=fEfea&content-id=amzn1.sym.f0166a2b-0975-4017-be10-7ecf88afb403:amzn1.sym.f0166a2b-0975-4017-be10-7ecf88afb403&pf_rd_p=f0166a2b-0975-4017-be10-7ecf88afb403&pf_rd_r=N7SS2ZNVYTECR47AFSZP&pd_rd_wg=bFnxW&pd_rd_r=3c9c52b3-384b-4ef1-aed3-578d00c14947&qid=1691994142,,,,,,,,
https://www.amazon.in/s/?k=bags+for+girls&ref=sugsr_0&pd_rd_w=fEfea&content-id=amzn1.sym.f0166a2b-0975-4017-be10-7ecf88afb403:amzn1.sym.f0166a2b-0975-4017-be10-7ecf88afb403&pf_rd_p=f0166a2b-0975-4017-be10-7ecf88afb403&pf_rd_r=N7SS2ZNVYTECR47AFSZP&pd_rd_wg=bFnxW&pd_rd_r=3c9c52b3-384b-4ef1-aed3-578d00c14947&qid=1691994142,,,,,,,,
https://www.amazon.in/s/?k=bags+for+girls&ref=sugsr_0&pd_rd_w=fEfea&content-id=amzn1.sym.f0166a2b-0975-4017-be10-7ecf88afb403:amzn1.sym.f0166a2b-0975-4017-be10-7ecf88afb403&pf_rd_p=f0166a2b-0975-4017-be10-7ecf88afb403&pf_rd_r=N7SS2ZNVYTECR47AFSZP&pd_rd_wg=bFnxW&pd_rd_r=3c9c52b3-384b-4ef1-aed3-578d00c14947&qid=1691994142,,,,,,,,
https://www.amazon.in/s/?k=bags+for+travelling&ref=sugsr_1&pd_rd_w=fEfea&content-id=amzn1.sym.f0166a2b-0975-4017-be10-7ecf88afb403:amzn1.sym.f0166a2b-0975-4017-be10-7ecf88afb403&pf_rd_p=f0166a2b-0975-4017-be10-7ecf88afb403&pf_rd_r=N7SS2ZNVYTECR47AFSZP&pd_rd_wg=bFnxW&pd_rd_r=3c9c52b3-384b-4ef1-aed3-578d00c14947&qid=1691994142,,,,,,,,
https://www.amazon.in/s/?k=school+bags&ref=sugsr_2&pd_rd_w=fEfea&content-id=amzn1.sym.f0166a2b-0975-4017-be10-7ecf88afb403:amzn1.sym.f0166a2b-0975-4017-be10-7ecf88afb403&pf_rd_p=f0166a2b-0975-4017-be10-7ecf88afb403&pf_rd_r=N7SS2ZNVYTECR47AFSZP&pd_rd_wg=bFnxW&pd_rd_r=3c9c52b3-384b-4ef1-aed3-578d00c14947&qid=1691994142,,,,,,,,
https://www.amazon.in/gp/help/customer/display.html?nodeId=201889520,,,,,,,,
https://www.amazon.in#s-skipLinkTargetForMainSearchResults,,,Previous slide,,,,,
https://www.amazon.in/Arctic-Fox-Backpack-Charging-Laptop/dp/B08RS6FXYT,,,,,,,,
https://www.amazon.in/Arctic-Fox-Backpack-Charging-Laptop/dp/B08RS6FXYT,,,,,,,,
https://www.amazon.in/Arctic-Fox-Backpack-Charging-Laptop/dp/B08RS6FXYT,,,,,,,,
https://www.amazon.in/Arctic-Fox-Backpack-Charging-Laptop/dp/B08RS6FXYT,,,,,,,,
https://www.amazon.in/gp/goldbox/,,,,,,,,
https://www.amazon.in/ZOUK-Printed-Handmade-Leather-handles/dp/B07NHYLTY7,,,,,,,,
https://www.amazon.in/ZOUK-Printed-Handmade-Leather-handles/dp/B07NHYLTY7,,,,,,,,
https://www.amazon.in/ZOUK-Printed-Handmade-Leather-handles/dp/B07NHYLTY7,,,,,,,,
https://www.amazon.in/ZOUK-Printed-Handmade-Leather-handles/dp/B07NHYLTY7,,,,,,,,
https://www.amazon.in/HAMMONDS-FLYCATCHER-Laptop-Bag-Men/dp/B083M1QK32,,,,,,,,
https://www.amazon.in/HAMMONDS-FLYCATCHER-Laptop-Bag-Men/dp/B083M1QK32,,,,,,,,
https://www.amazon.in/HAMMONDS-FLYCATCHER-Laptop-Bag-Men/dp/B083M1QK32,,,,,,,,
https://www.amazon.in/gp/goldbox/,,,,,,,,
https://www.amazon.in/F-Gear-Blow-Laptop-Backpack-Red/dp/B0749MPCFT,,,,,,,,
https://www.amazon.in/F-Gear-Blow-Laptop-Backpack-Red/dp/B0749MPCFT,₹,"1,069",4.3 out of 5 stars,4.3,"<div class=""a-section a-spacing-small"" id=""productDescription""> <!-- show up to 2 reviews by default -->
<p> <span>Well if you are looking for a big bag which is also very Stylish, Durable, Waterproof with a Laptop in built sleeve then your search ends here. Yes you Got it Right!, This F Gear bag has three big compartments to boast of along with a huge horizontal pocket in the front and two bottle holders on both sides of the bag. It has an inbuilt Rain cover neatly tucked away in a concealed pocket along with Reflective Strips and Reflective Printing makes it a natural choice for rainy Season. Support at the base makes it suitable for rough/dirty terrains. Padded Shoulders and Back with Side Compression straps completes the picture. Comes with the F Gear promise for quality.</span> </p> </div>",,"Well if you are looking for a big bag which is also very Stylish, Durable, Waterproof with a Laptop in built sleeve then your search ends here. Yes you Got it Right!, This F Gear bag has three big compartments to boast of along with a huge horizontal pocket in the front and two bottle holders on both sides of the bag. It has an inbuilt Rain cover neatly tucked away in a concealed pocket along with Reflective Strips and Reflective Printing makes it a natural choice for rainy Season. Support at the base makes it suitable for rough/dirty terrains. Padded Shoulders and Back with Side Compression straps completes the picture. Comes with the F Gear promise for quality.",Visit the F Gear Store
https://www.amazon.in/F-Gear-Blow-Laptop-Backpack-Red/dp/B0749MPCFT,,,,,,,,
https://www.amazon.in/F-Gear-Blow-Laptop-Backpack-Red/dp/B0749MPCFT,,,,,,,,
https://www.amazon.in/Safari-Formal-Backpack-Anti-Theft-VAULT19CBBLK/dp/B07XSTR69N,,,,,,,,
https://www.amazon.in/Safari-Formal-Backpack-Anti-Theft-VAULT19CBBLK/dp/B07XSTR69N,,,,,,,,
https://www.amazon.in/Safari-Formal-Backpack-Anti-Theft-VAULT19CBBLK/dp/B07XSTR69N,,,,,,,,
https://www.amazon.in/Safari-Formal-Backpack-Anti-Theft-VAULT19CBBLK/dp/B07XSTR69N,,,,,,,,
https://www.amazon.in/Nivia-Beast-Gym-Green-Grey/dp/B078PJH887,,,,,,,,
https://www.amazon.in/Nivia-Beast-Gym-Green-Grey/dp/B078PJH887,,,,,,,,
https://www.amazon.in/Nivia-Beast-Gym-Green-Grey/dp/B078PJH887,,,,,,,,
https://www.amazon.in/Nivia-Beast-Gym-Green-Grey/dp/B078PJH887,,,,,,,,
https://www.amazon.in/Gear-Colorado-Navy-Laptop-Backpack/dp/B097K6SPH7,,,,,,,,
https://www.amazon.in/Gear-Colorado-Navy-Laptop-Backpack/dp/B097K6SPH7,,,,,,,,
https://www.amazon.in/Gear-Colorado-Navy-Laptop-Backpack/dp/B097K6SPH7,,,,,,,,
https://www.amazon.in/Gear-Colorado-Navy-Laptop-Backpack/dp/B097K6SPH7,,,,,,,,
https://www.amazon.in/Wildcraft-Hopper-Laptop-Backpack-Blue/dp/B07YNL6H8H,,,,,,,,
https://www.amazon.in/Wildcraft-Hopper-Laptop-Backpack-Blue/dp/B07YNL6H8H,,,,,,,,
https://www.amazon.in/Wildcraft-Hopper-Laptop-Backpack-Blue/dp/B07YNL6H8H,,,,,,,,
https://www.amazon.in/Wildcraft-Hopper-Laptop-Backpack-Blue/dp/B07YNL6H8H,,,,,,,,
https://www.amazon.in/Caprese-Yondella-Womens-Medium-Synthetic/dp/B07TY4NDVF,,,,,,,,
https://www.amazon.in/Caprese-Yondella-Womens-Medium-Synthetic/dp/B07TY4NDVF,,,,,,,,
https://www.amazon.in/Caprese-Yondella-Womens-Medium-Synthetic/dp/B07TY4NDVF,,,,,,,,
https://www.amazon.in/gp/goldbox/,,,,,,,,
https://www.amazon.in/Half-Moon-Resistant-Laptop-Backpack/dp/B09842K4RQ,,,,,,,,
https://www.amazon.in/Half-Moon-Resistant-Laptop-Backpack/dp/B09842K4RQ,,,,,,,,
https://www.amazon.in/Half-Moon-Resistant-Laptop-Backpack/dp/B09842K4RQ,,,,,,,,
https://www.amazon.in/gp/goldbox/,,,,,,,,
https://www.amazon.in/Right-Choice-Stylish-College-Backpack/dp/B07ZVXDHCK,,,,,,,,
https://www.amazon.in/Right-Choice-Stylish-College-Backpack/dp/B07ZVXDHCK,,,,,,,,
https://www.amazon.in/Right-Choice-Stylish-College-Backpack/dp/B07ZVXDHCK,,,,,,,,
https://www.amazon.in/gp/goldbox/,,,,,,,,
https://www.amazon.in/Storite-Army-Print-Sling-GreenGrey/dp/B09KNMWWPH,,,,,,,,
https://www.amazon.in/Storite-Army-Print-Sling-GreenGrey/dp/B09KNMWWPH,,,,,,,,
https://www.amazon.in/Storite-Army-Print-Sling-GreenGrey/dp/B09KNMWWPH,,,,,,,,
https://www.amazon.in/gp/goldbox/,,,,,,,,
https://www.amazon.in/NORTH-ZONE-Lightweight-Backpacks-Stylish/dp/B0BL3S5NC1,,,,,,,,
https://www.amazon.in/NORTH-ZONE-Lightweight-Backpacks-Stylish/dp/B0BL3S5NC1,,,,,,,,
https://www.amazon.in/NORTH-ZONE-Lightweight-Backpacks-Stylish/dp/B0BL3S5NC1,,,,,,,,
https://www.amazon.in/gp/goldbox/,,,,,,,,
https://www.amazon.in/Wildcraft-Litres-Backpack-11908-Pink_-Pink/dp/B083ZS5R1K,,,,,,,,
https://www.amazon.in/Wildcraft-Litres-Backpack-11908-Pink_-Pink/dp/B083ZS5R1K,,,,,,,,
https://www.amazon.in/Wildcraft-Litres-Backpack-11908-Pink_-Pink/dp/B083ZS5R1K,,,,,,,,
https://www.amazon.in/Wildcraft-Litres-Backpack-11908-Pink_-Pink/dp/B083ZS5R1K,,,,,,,,
https://www.amazon.in/F-Gear-Yakuza-Brown-Laptop-Backpack/dp/B071VNWC1C,,,,,,,,
https://www.amazon.in/F-Gear-Yakuza-Brown-Laptop-Backpack/dp/B071VNWC1C,,,,,,,,
https://www.amazon.in/F-Gear-Yakuza-Brown-Laptop-Backpack/dp/B071VNWC1C,,,,,,,,
https://www.amazon.in/F-Gear-Yakuza-Brown-Laptop-Backpack/dp/B071VNWC1C,,,,,,,,
https://www.amazon.in/Nelle-Harper-Womens-Sling-Green/dp/B07JGQM7DC,,,,,,,,
https://www.amazon.in/Nelle-Harper-Womens-Sling-Green/dp/B07JGQM7DC,,,,,,,,
https://www.amazon.in/Nelle-Harper-Womens-Sling-Green/dp/B07JGQM7DC,,,,,,,,
https://www.amazon.in/gp/goldbox/,,,,,,,,
https://www.amazon.in/s/?k=bags+for+girls&ref=sugsr_0&pd_rd_w=eaFtS&content-id=amzn1.sym.f0166a2b-0975-4017-be10-7ecf88afb403:amzn1.sym.f0166a2b-0975-4017-be10-7ecf88afb403&pf_rd_p=f0166a2b-0975-4017-be10-7ecf88afb403&pf_rd_r=KDM5882TKF8TJD1N4FBG&pd_rd_wg=wv2KA&pd_rd_r=3a762c6a-69fc-46e7-a922-c129b1d7ea76&qid=1691994175,,,,,,,,
https://www.amazon.in/s/?k=bags+for+girls&ref=sugsr_0&pd_rd_w=eaFtS&content-id=amzn1.sym.f0166a2b-0975-4017-be10-7ecf88afb403:amzn1.sym.f0166a2b-0975-4017-be10-7ecf88afb403&pf_rd_p=f0166a2b-0975-4017-be10-7ecf88afb403&pf_rd_r=KDM5882TKF8TJD1N4FBG&pd_rd_wg=wv2KA&pd_rd_r=3a762c6a-69fc-46e7-a922-c129b1d7ea76&qid=1691994175,,,,,,,,
https://www.amazon.in/s/?k=bags+for+girls&ref=sugsr_0&pd_rd_w=eaFtS&content-id=amzn1.sym.f0166a2b-0975-4017-be10-7ecf88afb403:amzn1.sym.f0166a2b-0975-4017-be10-7ecf88afb403&pf_rd_p=f0166a2b-0975-4017-be10-7ecf88afb403&pf_rd_r=KDM5882TKF8TJD1N4FBG&pd_rd_wg=wv2KA&pd_rd_r=3a762c6a-69fc-46e7-a922-c129b1d7ea76&qid=1691994175,,753,4.0 out of 5 stars,Price and other details may vary based on product size and colour.,,,,
https://www.amazon.in/s/?k=bags+for+travelling&ref=sugsr_1&pd_rd_w=eaFtS&content-id=amzn1.sym.f0166a2b-0975-4017-be10-7ecf88afb403:amzn1.sym.f0166a2b-0975-4017-be10-7ecf88afb403&pf_rd_p=f0166a2b-0975-4017-be10-7ecf88afb403&pf_rd_r=KDM5882TKF8TJD1N4FBG&pd_rd_wg=wv2KA&pd_rd_r=3a762c6a-69fc-46e7-a922-c129b1d7ea76&qid=1691994175,,,,,,,,
https://www.amazon.in/s/?k=school+bags&ref=sugsr_2&pd_rd_w=eaFtS&content-id=amzn1.sym.f0166a2b-0975-4017-be10-7ecf88afb403:amzn1.sym.f0166a2b-0975-4017-be10-7ecf88afb403&pf_rd_p=f0166a2b-0975-4017-be10-7ecf88afb403&pf_rd_r=KDM5882TKF8TJD1N4FBG&pd_rd_wg=wv2KA&pd_rd_r=3a762c6a-69fc-46e7-a922-c129b1d7ea76&qid=1691994175,,,,,,,,
https://www.amazon.in/gp/help/customer/display.html?nodeId=201889520,,,,,,,,
https://www.amazon.in#s-skipLinkTargetForMainSearchResults,,,Previous slide,,,,,
https://www.amazon.in/Half-Moon-Waterproof-Laptop-Backpack/dp/B09QM9N1B3,,,,,,,,
https://www.amazon.in/Half-Moon-Waterproof-Laptop-Backpack/dp/B09QM9N1B3,,,,,,,,
https://www.amazon.in/Half-Moon-Waterproof-Laptop-Backpack/dp/B09QM9N1B3,,,,,,,,
https://www.amazon.in/Half-Moon-Waterproof-Laptop-Backpack/dp/B09QM9N1B3,,,,,,,,
https://www.amazon.in/gp/goldbox/,,,,,,,,
https://www.amazon.in/TRUE-HUMAN-Anti-Theft-charging-combination/dp/B09H7PK5ML,,,,,,,,
https://www.amazon.in/TRUE-HUMAN-Anti-Theft-charging-combination/dp/B09H7PK5ML,,,,,,,,
https://www.amazon.in/TRUE-HUMAN-Anti-Theft-charging-combination/dp/B09H7PK5ML,,,,,,,,
https://www.amazon.in/gp/goldbox/,,,,,,,,
https://www.amazon.in/WILDHORN-Backpack-Compartment-Business-College/dp/B09Q63JWCH,,,,,,,,
https://www.amazon.in/WILDHORN-Backpack-Compartment-Business-College/dp/B09Q63JWCH,,,,,,,,
https://www.amazon.in/WILDHORN-Backpack-Compartment-Business-College/dp/B09Q63JWCH,,,,,,,,
https://www.amazon.in/gp/goldbox/,,,,,,,,
https://www.amazon.in/Storite-Cross-Travel-Dark-Grey/dp/B07PFF4RYC,,,,,,,,
https://www.amazon.in/Storite-Cross-Travel-Dark-Grey/dp/B07PFF4RYC,,,,,,,,
https://www.amazon.in/Storite-Cross-Travel-Dark-Grey/dp/B07PFF4RYC,,,,,,,,
https://www.amazon.in/gp/goldbox/,,,,,,,,
https://www.amazon.in/Arctic-Fox-Criss-Cross-Laptop-Backpack/dp/B0BWNJ79XG,,,,,,,,
https://www.amazon.in/Arctic-Fox-Criss-Cross-Laptop-Backpack/dp/B0BWNJ79XG,,,,,,,,
https://www.amazon.in/Arctic-Fox-Criss-Cross-Laptop-Backpack/dp/B0BWNJ79XG,,,,,,,,
https://www.amazon.in/gp/goldbox/,,,,,,,,
https://www.amazon.in/AirCase-C40-Backpack-Rucksacks-Messenger/dp/B07Y8CH69Y,,,,,,,,
https://www.amazon.in/AirCase-C40-Backpack-Rucksacks-Messenger/dp/B07Y8CH69Y,,,,,,,,
https://www.amazon.in/AirCase-C40-Backpack-Rucksacks-Messenger/dp/B07Y8CH69Y,,,,,,,,
https://www.amazon.in/AirCase-C40-Backpack-Rucksacks-Messenger/dp/B07Y8CH69Y,,,,,,,,
https://www.amazon.in/Wildcraft-Turnaround-Polyester-Laptop-8903338054702/dp/B012D51GXO,,,,,,,,
https://www.amazon.in/Wildcraft-Turnaround-Polyester-Laptop-8903338054702/dp/B012D51GXO,,,,,,,,
https://www.amazon.in/Wildcraft-Turnaround-Polyester-Laptop-8903338054702/dp/B012D51GXO,,,,,,,,
https://www.amazon.in/Wildcraft-Turnaround-Polyester-Laptop-8903338054702/dp/B012D51GXO,,,,,,,,
https://www.amazon.in/ZOUK-Handmade-Leather-Handles-Multicolor/dp/B09QRYDXJH,,,,,,,,
https://www.amazon.in/ZOUK-Handmade-Leather-Handles-Multicolor/dp/B09QRYDXJH,,,,,,,,
https://www.amazon.in/ZOUK-Handmade-Leather-Handles-Multicolor/dp/B09QRYDXJH,,,,,,,,
https://www.amazon.in/ZOUK-Handmade-Leather-Handles-Multicolor/dp/B09QRYDXJH,,,,,,,,
https://www.amazon.in/Harissons-Office-Laptop-Backpacks-Women/dp/B09D3YYYNG,,,,,,,,
https://www.amazon.in/Harissons-Office-Laptop-Backpacks-Women/dp/B09D3YYYNG,,,,,,,,
https://www.amazon.in/Harissons-Office-Laptop-Backpacks-Women/dp/B09D3YYYNG,,,,,,,,
https://www.amazon.in/Harissons-Office-Laptop-Backpacks-Women/dp/B09D3YYYNG,,,,,,,,
https://www.amazon.in/Cosmetic-Bags-Women-Aesthetic-Organizer/dp/B0C77ZN924,,,,,,,,
https://www.amazon.in/Cosmetic-Bags-Women-Aesthetic-Organizer/dp/B0C77ZN924,,,,,,,,
https://www.amazon.in/Cosmetic-Bags-Women-Aesthetic-Organizer/dp/B0C77ZN924,,,,,,,,
https://www.amazon.in/Cosmetic-Bags-Women-Aesthetic-Organizer/dp/B0C77ZN924,,,,,,,,
https://www.amazon.in/Gear-DOUBLE-Resistant-Backpack-Navy-Tan/dp/B0BTJ2T26W,,,,,,,,
https://www.amazon.in/Gear-DOUBLE-Resistant-Backpack-Navy-Tan/dp/B0BTJ2T26W,,,,,,,,
https://www.amazon.in/Gear-DOUBLE-Resistant-Backpack-Navy-Tan/dp/B0BTJ2T26W,In stock,"1,189",3.5 out of 5 stars,3.5,"<div class=""a-section a-spacing-small"" id=""productDescription""> <!-- show up to 2 reviews by default -->
<p> <span>Each Gear Bag is born in our in-house design &amp; prototyping studio &amp; characterises a recognisable aesthetic &amp; functionality</span> </p> </div>",,Each Gear Bag is born in our in-house design & prototyping studio & characterises a recognisable aesthetic & functionality,Visit the Gear Store
https://www.amazon.in/Gear-DOUBLE-Resistant-Backpack-Navy-Tan/dp/B0BTJ2T26W,,,,,,,,
https://www.amazon.in/DZert-Polyester-Black-White-Laptop/dp/B07H193V57,,,,,,,,
https://www.amazon.in/DZert-Polyester-Black-White-Laptop/dp/B07H193V57,,,,,,,,
https://www.amazon.in/DZert-Polyester-Black-White-Laptop/dp/B07H193V57,,,,,,,,
https://www.amazon.in/gp/goldbox/,,,,,,,,
https://www.amazon.in/ZIPLINE-Polyester-Backpack-College-Outdoor/dp/B09XN3YD4Q,,,,,,,,
https://www.amazon.in/ZIPLINE-Polyester-Backpack-College-Outdoor/dp/B09XN3YD4Q,,,,,,,,
https://www.amazon.in/ZIPLINE-Polyester-Backpack-College-Outdoor/dp/B09XN3YD4Q,,,,,,,,
https://www.amazon.in/gp/goldbox/,,,,,,,,
https://www.amazon.in/FALONG-Resistant-Sweat-Proof-Adjustable-Headphone/dp/B0C9HRR6NW,,,,,,,,
https://www.amazon.in/FALONG-Resistant-Sweat-Proof-Adjustable-Headphone/dp/B0C9HRR6NW,,,,,,,,
https://www.amazon.in/FALONG-Resistant-Sweat-Proof-Adjustable-Headphone/dp/B0C9HRR6NW,,,,,,,,
https://www.amazon.in/FALONG-Resistant-Sweat-Proof-Adjustable-Headphone/dp/B0C9HRR6NW,,,,,,,,
https://www.amazon.in/American-Tourister-40X-01-009/dp/B00FRCNSZ0,,,,,,,,
https://www.amazon.in/American-Tourister-40X-01-009/dp/B00FRCNSZ0,,,,,,,,
https://www.amazon.in/American-Tourister-40X-01-009/dp/B00FRCNSZ0,,,,,,,,
https://www.amazon.in/American-Tourister-40X-01-009/dp/B00FRCNSZ0,,,,,,,,
https://www.amazon.in/Gear-Expandable-RainCover-Grey-Black-TLPTURBO00401/dp/B097KDRZ67,,,,,,,,
https://www.amazon.in/Gear-Expandable-RainCover-Grey-Black-TLPTURBO00401/dp/B097KDRZ67,,,,,,,,
https://www.amazon.in/Gear-Expandable-RainCover-Grey-Black-TLPTURBO00401/dp/B097KDRZ67,,,,,,,,
https://www.amazon.in/Gear-Expandable-RainCover-Grey-Black-TLPTURBO00401/dp/B097KDRZ67,,,,,,,,
https://www.amazon.in/s/?k=bags+for+girls&ref=sugsr_0&pd_rd_w=esYe6&content-id=amzn1.sym.f0166a2b-0975-4017-be10-7ecf88afb403:amzn1.sym.f0166a2b-0975-4017-be10-7ecf88afb403&pf_rd_p=f0166a2b-0975-4017-be10-7ecf88afb403&pf_rd_r=DDHP18HMYWRWHBD2H842&pd_rd_wg=g8p0B&pd_rd_r=2e6cfbef-5229-4452-af75-49b9ac54ce2d&qid=1691994203,,,,,,,,
https://www.amazon.in/s/?k=bags+for+girls&ref=sugsr_0&pd_rd_w=esYe6&content-id=amzn1.sym.f0166a2b-0975-4017-be10-7ecf88afb403:amzn1.sym.f0166a2b-0975-4017-be10-7ecf88afb403&pf_rd_p=f0166a2b-0975-4017-be10-7ecf88afb403&pf_rd_r=DDHP18HMYWRWHBD2H842&pd_rd_wg=g8p0B&pd_rd_r=2e6cfbef-5229-4452-af75-49b9ac54ce2d&qid=1691994203,,,,,,,,
https://www.amazon.in/s/?k=bags+for+girls&ref=sugsr_0&pd_rd_w=esYe6&content-id=amzn1.sym.f0166a2b-0975-4017-be10-7ecf88afb403:amzn1.sym.f0166a2b-0975-4017-be10-7ecf88afb403&pf_rd_p=f0166a2b-0975-4017-be10-7ecf88afb403&pf_rd_r=DDHP18HMYWRWHBD2H842&pd_rd_wg=g8p0B&pd_rd_r=2e6cfbef-5229-4452-af75-49b9ac54ce2d&qid=1691994203,,,,,,,,
https://www.amazon.in/s/?k=bags+for+travelling&ref=sugsr_1&pd_rd_w=esYe6&content-id=amzn1.sym.f0166a2b-0975-4017-be10-7ecf88afb403:amzn1.sym.f0166a2b-0975-4017-be10-7ecf88afb403&pf_rd_p=f0166a2b-0975-4017-be10-7ecf88afb403&pf_rd_r=DDHP18HMYWRWHBD2H842&pd_rd_wg=g8p0B&pd_rd_r=2e6cfbef-5229-4452-af75-49b9ac54ce2d&qid=1691994203,,"2,078",4.5 out of 5 stars,Price and other details may vary based on product size and colour.,,,,
https://www.amazon.in/s/?k=school+bags&ref=sugsr_2&pd_rd_w=esYe6&content-id=amzn1.sym.f0166a2b-0975-4017-be10-7ecf88afb403:amzn1.sym.f0166a2b-0975-4017-be10-7ecf88afb403&pf_rd_p=f0166a2b-0975-4017-be10-7ecf88afb403&pf_rd_r=DDHP18HMYWRWHBD2H842&pd_rd_wg=g8p0B&pd_rd_r=2e6cfbef-5229-4452-af75-49b9ac54ce2d&qid=1691994203,,,,,,,,
https://www.amazon.in/gp/help/customer/display.html?nodeId=201889520,,,,,,,,
https://www.amazon.in#s-skipLinkTargetForMainSearchResults,,,Previous slide,,,,,
https://www.amazon.in/Gear-Superior-Backpack-Orange-Black-BKPSPRIOR0601/dp/B08D76PV8B,In stock,359,3.9 out of 5 stars,3.9,"<div class=""a-section a-spacing-small"" id=""productDescription""> <!-- show up to 2 reviews by default -->
<p> <span>The product will be an excellent pick for you. It ensures an easy maintenance.</span> </p> </div>",,The product will be an excellent pick for you. It ensures an easy maintenance.,Visit the Gear Store
https://www.amazon.in/Gear-Superior-Backpack-Orange-Black-BKPSPRIOR0601/dp/B08D76PV8B,,,,,,,,
https://www.amazon.in/Gear-Superior-Backpack-Orange-Black-BKPSPRIOR0601/dp/B08D76PV8B,,,,,,,,
https://www.amazon.in/Gear-Superior-Backpack-Orange-Black-BKPSPRIOR0601/dp/B08D76PV8B,,,,,,,,
https://www.amazon.in/Gear-Superior-Backpack-Orange-Black-BKPSPRIOR0601/dp/B08D76PV8B,,,,,,,,
https://www.amazon.in/Lino-Perros-women-shoulder-OFFWHITE/dp/B09P69ZNBP,,,,,,,,
https://www.amazon.in/Lino-Perros-women-shoulder-OFFWHITE/dp/B09P69ZNBP,,,,,,,,
https://www.amazon.in/Lino-Perros-women-shoulder-OFFWHITE/dp/B09P69ZNBP,,,,,,,,
https://www.amazon.in/gp/goldbox/,,,,,,,,
https://www.amazon.in/Wildcraft-Packs18-Laptop-Backpack-ACE/dp/B07GNK6C98,,,,,,,,
https://www.amazon.in/Wildcraft-Packs18-Laptop-Backpack-ACE/dp/B07GNK6C98,,,,,,,,
https://www.amazon.in/Wildcraft-Packs18-Laptop-Backpack-ACE/dp/B07GNK6C98,,,,,,,,
https://www.amazon.in/Wildcraft-Packs18-Laptop-Backpack-ACE/dp/B07GNK6C98,,,,,,,,
https://www.amazon.in/Cosmus-Casual-Navy-Laptop-Backpack/dp/B08R7M639Z,,,,,,,,
https://www.amazon.in/Cosmus-Casual-Navy-Laptop-Backpack/dp/B08R7M639Z,,,,,,,,
https://www.amazon.in/Cosmus-Casual-Navy-Laptop-Backpack/dp/B08R7M639Z,,,,,,,,
https://www.amazon.in/gp/goldbox/,,,,,,,,
https://www.amazon.in/Amazon-Basics-15-6-Inch-Backpack-College/dp/B0C8NX7HTX,,,,,,,,
https://www.amazon.in/Amazon-Basics-15-6-Inch-Backpack-College/dp/B0C8NX7HTX,,,,,,,,
https://www.amazon.in/Amazon-Basics-15-6-Inch-Backpack-College/dp/B0C8NX7HTX,,,,,,,,
https://www.amazon.in/gp/goldbox/,,,,,,,,
https://www.amazon.in/Toyshine-Crossbody-Handbag-Shoulder-Silicone/dp/B0BQMYB1KZ,,,,,,,,
https://www.amazon.in/Toyshine-Crossbody-Handbag-Shoulder-Silicone/dp/B0BQMYB1KZ,,,,,,,,
https://www.amazon.in/Toyshine-Crossbody-Handbag-Shoulder-Silicone/dp/B0BQMYB1KZ,,,,,,,,
https://www.amazon.in/gp/goldbox/,,,,,,,,
https://www.amazon.in/American-Tourister-Toodle-Polyester-Detachable/dp/B0BNVQFHCK,In stock,"1,599",4.3 out of 5 stars,4.3,"<div class=""a-section a-spacing-small"" id=""productDescription""> <!-- show up to 2 reviews by default -->
<p> <span>At American Tourister, we believe travel should be fun. We take pride in making stylish, high quality, and yeah, fun backpacks that you can rely on. Marking our presence in 100+ countries making it the most preferred luggage brand worldwide. This fun and colorful kids backpack comes with 2 compartments that make it perfect for your all your kid's needs. This backpack made of durable polyester fabric, and has fun 3D elements so that your kid is the most stylish and stands out. This backpack has a mesh padded back and shoulder straps, side bottle pocket and cool nametag feature. Each backpack passes a series of rigorous global quality tests.</span> </p> </div>",,"At American Tourister, we believe travel should be fun. We take pride in making stylish, high quality, and yeah, fun backpacks that you can rely on. Marking our presence in 100+ countries making it the most preferred luggage brand worldwide. This fun and colorful kids backpack comes with 2 compartments that make it perfect for your all your kid's needs. This backpack made of durable polyester fabric, and has fun 3D elements so that your kid is the most stylish and stands out. This backpack has a mesh padded back and shoulder straps, side bottle pocket and cool nametag feature. Each backpack passes a series of rigorous global quality tests.",Brand: American Tourister
https://www.amazon.in/American-Tourister-Toodle-Polyester-Detachable/dp/B0BNVQFHCK,,,,,,,,
https://www.amazon.in/American-Tourister-Toodle-Polyester-Detachable/dp/B0BNVQFHCK,,,,,,,,
https://www.amazon.in/American-Tourister-Toodle-Polyester-Detachable/dp/B0BNVQFHCK,,,,,,,,
https://www.amazon.in/Lenovo-Professional-Backpack-Water-resistant-Uncompromised/dp/B08R7S55H4,,,,,,,,
https://www.amazon.in/Lenovo-Professional-Backpack-Water-resistant-Uncompromised/dp/B08R7S55H4,,,,,,,,
https://www.amazon.in/Lenovo-Professional-Backpack-Water-resistant-Uncompromised/dp/B08R7S55H4,,,,,,,,
https://www.amazon.in/Lenovo-Professional-Backpack-Water-resistant-Uncompromised/dp/B08R7S55H4,,,,,,,,
https://www.amazon.in/Genie-compartments-Resistant-Lightweight-Travelling/dp/B097JJYXXT,,,,,,,,
https://www.amazon.in/Genie-compartments-Resistant-Lightweight-Travelling/dp/B097JJYXXT,In stock,"1,305",4.3 out of 5 stars,4.3,"<div class=""a-section a-spacing-small"" id=""productDescription""> <!-- show up to 2 reviews by default -->
<p> <span>How do you describe a Perfect School Backpack? Spacious enough to carry all the books, yet Light Weight! Padded Laptop Sleeve to keep it secure and sound. Multiple Pockets to segregate all the items and keep it easily accessible. An Organizer to keep your each and every school supplies in an arranged manner. Side Pocket to keep the Water Bottle. Water Resistant exteriors to keep all your worries at bay and lastly, latest and trendy design to keep those ""Cute Bagpack"" compliment coming in! Yes. We have that Perfect Bag for you, in our Genie store. Bringing you a cute, stylish and trendy design, Genie Drama Queen School Bag.</span> </p> </div>",,"How do you describe a Perfect School Backpack? Spacious enough to carry all the books, yet Light Weight! Padded Laptop Sleeve to keep it secure and sound. Multiple Pockets to segregate all the items and keep it easily accessible. An Organizer to keep your each and every school supplies in an arranged manner. Side Pocket to keep the Water Bottle. Water Resistant exteriors to keep all your worries at bay and lastly, latest and trendy design to keep those ""Cute Bagpack"" compliment coming in! Yes. We have that Perfect Bag for you, in our Genie store. Bringing you a cute, stylish and trendy design, Genie Drama Queen School Bag.",Visit the Genie Store
https://www.amazon.in/Genie-compartments-Resistant-Lightweight-Travelling/dp/B097JJYXXT,,,,,,,,
https://www.amazon.in/gp/goldbox/,,,,,,,,
https://www.amazon.in/gp/bestsellers/computers/1375466031/ref=sr_bs_9_1375466031_1,Hot New Releases,,4.0 out of 5 stars,₹512.00,,,,
https://www.amazon.in/gp/bestsellers/computers/1375466031/ref=sr_bs_9_1375466031_1,Hot New Releases,,4.0 out of 5 stars,₹512.00,,,,
https://www.amazon.in/Bennett-Mystic-Shoulder-Messenger-Repellent/dp/B08X2T2M8G,,,,,,,,
https://www.amazon.in/Bennett-Mystic-Shoulder-Messenger-Repellent/dp/B08X2T2M8G,,,,,,,,
https://www.amazon.in/Wildcraft-Shutter-Bug-Camera-Backpack/dp/B07GVJ5LZB,,,,,,,,
https://www.amazon.in/Wildcraft-Shutter-Bug-Camera-Backpack/dp/B07GVJ5LZB,,,,,,,,
https://www.amazon.in/Wildcraft-Shutter-Bug-Camera-Backpack/dp/B07GVJ5LZB,,,,,,,,
https://www.amazon.in/Wildcraft-Shutter-Bug-Camera-Backpack/dp/B07GVJ5LZB,,,,,,,,
https://www.amazon.in/Impulse-rucksack-60-backpack-trekking/dp/B09TDL9FJ8,,,,,,,,
https://www.amazon.in/Impulse-rucksack-60-backpack-trekking/dp/B09TDL9FJ8,,,,,,,,
https://www.amazon.in/Impulse-rucksack-60-backpack-trekking/dp/B09TDL9FJ8,,,,,,,,
https://www.amazon.in/gp/goldbox/,,,,,,,,
https://www.amazon.in/Flamingo-Cosmetic-Sichumaria-Water-Resistant-Organizer/dp/B0B1HNQHXD,,,,,,,,
https://www.amazon.in/Flamingo-Cosmetic-Sichumaria-Water-Resistant-Organizer/dp/B0B1HNQHXD,,,,,,,,
https://www.amazon.in/Flamingo-Cosmetic-Sichumaria-Water-Resistant-Organizer/dp/B0B1HNQHXD,,,,,,,,
https://www.amazon.in/Flamingo-Cosmetic-Sichumaria-Water-Resistant-Organizer/dp/B0B1HNQHXD,,,,,,,,
https://www.amazon.in/KLEIO-Quilted-Travelling-Crossbody-HO8030KL-BL/dp/B09KXD6KTZ,,,,,,,,
https://www.amazon.in/KLEIO-Quilted-Travelling-Crossbody-HO8030KL-BL/dp/B09KXD6KTZ,,,,,,,,
https://www.amazon.in/KLEIO-Quilted-Travelling-Crossbody-HO8030KL-BL/dp/B09KXD6KTZ,,,,,,,,
https://www.amazon.in/gp/goldbox/,,,,,,,,
https://www.amazon.in/Hilfiger-Connor-Backpack-TH-CONNORLAP20/dp/B07N8HPP97,,,,,,,,
https://www.amazon.in/Hilfiger-Connor-Backpack-TH-CONNORLAP20/dp/B07N8HPP97,,,,,,,,
https://www.amazon.in/Hilfiger-Connor-Backpack-TH-CONNORLAP20/dp/B07N8HPP97,,,,,,,,
https://www.amazon.in/Hilfiger-Connor-Backpack-TH-CONNORLAP20/dp/B07N8HPP97,,,,,,,,
https://www.amazon.in/Harissons-Nemesis-Office-Laptop-Backpacks/dp/B09D3Y15FH,,,,,,,,
https://www.amazon.in/Harissons-Nemesis-Office-Laptop-Backpacks/dp/B09D3Y15FH,,,,,,,,
https://www.amazon.in/Harissons-Nemesis-Office-Laptop-Backpacks/dp/B09D3Y15FH,,,,,,,,
https://www.amazon.in/gp/goldbox/,,,,,,,,
https://www.amazon.in/s/?k=bags+for+girls&ref=sugsr_0&pd_rd_w=cN8yQ&content-id=amzn1.sym.f0166a2b-0975-4017-be10-7ecf88afb403:amzn1.sym.f0166a2b-0975-4017-be10-7ecf88afb403&pf_rd_p=f0166a2b-0975-4017-be10-7ecf88afb403&pf_rd_r=14T1NEY2M68NF2XKJAZP&pd_rd_wg=9wiFm&pd_rd_r=1959b4ae-4d7a-49f1-bc92-eaa1383b71ba&qid=1691994231,,,,,,,,
https://www.amazon.in/s/?k=bags+for+girls&ref=sugsr_0&pd_rd_w=cN8yQ&content-id=amzn1.sym.f0166a2b-0975-4017-be10-7ecf88afb403:amzn1.sym.f0166a2b-0975-4017-be10-7ecf88afb403&pf_rd_p=f0166a2b-0975-4017-be10-7ecf88afb403&pf_rd_r=14T1NEY2M68NF2XKJAZP&pd_rd_wg=9wiFm&pd_rd_r=1959b4ae-4d7a-49f1-bc92-eaa1383b71ba&qid=1691994231,,,,,,,,
https://www.amazon.in/s/?k=bags+for+girls&ref=sugsr_0&pd_rd_w=cN8yQ&content-id=amzn1.sym.f0166a2b-0975-4017-be10-7ecf88afb403:amzn1.sym.f0166a2b-0975-4017-be10-7ecf88afb403&pf_rd_p=f0166a2b-0975-4017-be10-7ecf88afb403&pf_rd_r=14T1NEY2M68NF2XKJAZP&pd_rd_wg=9wiFm&pd_rd_r=1959b4ae-4d7a-49f1-bc92-eaa1383b71ba&qid=1691994231,,753,4.0 out of 5 stars,Price and other details may vary based on product size and colour.,,,,
https://www.amazon.in/s/?k=bags+for+travelling&ref=sugsr_1&pd_rd_w=cN8yQ&content-id=amzn1.sym.f0166a2b-0975-4017-be10-7ecf88afb403:amzn1.sym.f0166a2b-0975-4017-be10-7ecf88afb403&pf_rd_p=f0166a2b-0975-4017-be10-7ecf88afb403&pf_rd_r=14T1NEY2M68NF2XKJAZP&pd_rd_wg=9wiFm&pd_rd_r=1959b4ae-4d7a-49f1-bc92-eaa1383b71ba&qid=1691994231,,,,,,,,
https://www.amazon.in/s/?k=school+bags&ref=sugsr_2&pd_rd_w=cN8yQ&content-id=amzn1.sym.f0166a2b-0975-4017-be10-7ecf88afb403:amzn1.sym.f0166a2b-0975-4017-be10-7ecf88afb403&pf_rd_p=f0166a2b-0975-4017-be10-7ecf88afb403&pf_rd_r=14T1NEY2M68NF2XKJAZP&pd_rd_wg=9wiFm&pd_rd_r=1959b4ae-4d7a-49f1-bc92-eaa1383b71ba&qid=1691994231,,,,,,,,
https://www.amazon.in/gp/help/customer/display.html?nodeId=201889520,,,,,,,,
https://www.amazon.in#s-skipLinkTargetForMainSearchResults,,,,,,,,
